Episode Number,Episode Name,Originally Aired
1929 x 1,Bosko the Talk-Ink Kid,1929-05-01
1930 x 1,Sinkin' in the Bathtub,1930-04-19
1930 x 2,Congo Jazz,1930-09-01
1930 x 3,Hold Anything,1930-10-01
1930 x 4,The Booze Hangs High,1930-11-01
1930 x 5,Box Car Blues,1930-12-01
1931 x 1,Big Man from the North,1931-01-01
1931 x 2,Ain't Nature Grand,1931-02-01
1931 x 3,Ups 'n Downs,1931-03-01
1931 x 4,Dumb Patrol,1931-04-01
1931 x 5,Yodeling Yokels,1931-05-01
1931 x 6,Bosko's Holiday,1931-06-01
1931 x 7,The Tree's Knees,1931-07-01
1931 x 8,"Lady, Play Your Mandolin!",1931-08-01
1931 x 9,"Smile, Darn Ya, Smile!",1931-09-05
1931 x 10,Bosko Shipwrecked!,1931-09-19
1931 x 11,One More Time,1931-10-03
1931 x 12,Bosko the Doughboy,1931-10-17
1931 x 13,You Don't Know What You're Doin'!,1931-10-31
1931 x 14,Bosko's Soda Fountain,1931-11-14
1931 x 15,Hittin' the Trail for Hallelujah Land,1931-11-28
1931 x 16,Bosko's Fox Hunt,1931-12-12
1931 x 17,Red-Headed Baby,1931-12-26
1932 x 1,Bosko at the Zoo,1932-01-09
1932 x 2,Pagan Moon,1932-01-23
1932 x 3,Battling Bosko,1932-02-06
1932 x 4,Freddy the Freshman,1932-02-20
1932 x 5,Big-Hearted Bosko,1932-03-05
1932 x 6,"Crosby, Columbo, and Vallee",1932-03-19
1932 x 7,Bosko's Party,1932-04-02
1932 x 8,Goopy Geer,1932-04-16
1932 x 9,Bosko and Bruno,1932-04-30
1932 x 10,It's Got Me Again!,1932-05-14
1932 x 11,Bosko and Honey,1932-05-30
1932 x 12,Moonlight for Two,1932-06-11
1932 x 13,Bosko's Dog Race,1932-06-25
1932 x 14,The Queen was in the Parlor,1932-07-09
1932 x 15,Bosko at the Beach,1932-07-23
1932 x 16,I Love a Parade,1932-08-06
1932 x 17,Bosko's Store,1932-08-13
1932 x 18,Bosko the Lumberjack,1932-09-03
1932 x 19,You're Too Careless with Your Kisses!,1932-09-10
1932 x 20,"Ride Him, Bosko!",1932-09-17
1932 x 21,I Wish I Had Wings,1932-10-15
1932 x 22,Bosko the Drawback,1932-10-22
1932 x 23,A Great Big Bunch of You,1932-11-12
1932 x 24,Bosko's Dizzy Date,1932-11-19
1932 x 25,Three's a Crowd,1932-12-10
1932 x 26,Bosko's Woodland Daze,1932-12-17
1933 x 1,The Shanty Where Santy Claus Lives,1933-01-07
1933 x 2,Bosko in Dutch,1933-01-14
1933 x 3,One Step Ahead of My Shadow,1933-02-04
1933 x 4,Bosko in Person,1933-02-11
1933 x 5,Young and Healthy,1933-03-04
1933 x 6,Bosko the Speed King,1933-03-22
1933 x 7,The Organ Grinder,1933-04-08
1933 x 8,Wake Up the Gypsy in Me,1933-05-13
1933 x 9,Bosko's Knight-Mare,1933-06-08
1933 x 10,I Like Mountain Music,1933-06-13
1933 x 11,Bosko the Sheep-Herder,1933-06-14
1933 x 12,Beau Bosko,1933-07-01
1933 x 13,Shuffle Off to Buffalo,1933-07-08
1933 x 14,The Dish Ran Away with the Spoon,1933-08-05
1933 x 15,We're in the Money,1933-08-26
1933 x 16,Bosko's Picture Show,1933-08-26
1933 x 17,Buddy's Day Out,1933-09-09
1933 x 18,Bosko the Musketeer,1933-09-16
1933 x 19,I've Got to Sing a Torch Song,1933-09-23
1933 x 20,Bosko's Mechanical Man,1933-09-27
1933 x 21,Buddy's Beer Garden,1933-11-11
1933 x 22,Buddy's Show Boat,1933-12-09
1933 x 23,Sittin' on a Backyard Fence,1933-12-16
1934 x 1,Buddy the Gob,1934-01-13
1934 x 2,Pettin' in the Park,1934-01-27
1934 x 3,Honeymoon Hotel,1934-02-17
1934 x 4,Buddy and Towser,1934-02-24
1934 x 5,Buddy's Garage,1934-04-14
1934 x 6,Beauty and the Beast,1934-04-14
1934 x 7,Those Were Wonderful Days,1934-04-26
1934 x 8,Buddy's Trolley Troubles,1934-05-05
1934 x 9,Goin' to Heaven on a Mule,1934-05-19
1934 x 10,Buddy of the Apes,1934-05-26
1934 x 11,How Do I Know It's Sunday,1934-06-09
1934 x 12,Buddy's Bearcats,1934-06-23
1934 x 13,Why Do I Dream Those Dreams,1934-06-30
1934 x 14,The Girl at the Ironing Board,1934-08-23
1934 x 15,The Miller's Daughter,1934-10-13
1934 x 16,Shake Your Powder Puff,1934-10-17
1934 x 17,Buddy the Detective,1934-10-17
1934 x 18,Rhythm in the Bow,1934-10-20
1934 x 19,Buddy the Woodsman,1934-10-20
1934 x 20,Buddy's Circus,1934-11-08
1934 x 21,Those Beautiful Dames,1934-11-10
1934 x 22,Buddy's Adventures,1934-11-17
1934 x 23,Pop Goes Your Heart,1934-12-08
1934 x 24,Viva Buddy,1934-12-12
1934 x 25,Buddy the Dentist,1934-12-15
1935 x 1,Mr. and Mrs. Is the Name,1935-01-19
1935 x 2,Country Boy,1935-02-09
1935 x 3,Buddy's Theatre,1935-02-16
1935 x 4,I Haven't Got a Hat,1935-03-09
1935 x 5,Buddy's Pony Express,1935-03-09
1935 x 6,Buddy of the Legion,1935-04-06
1935 x 7,Along Flirtation Walk,1935-04-06
1935 x 8,My Green Fedora,1935-05-04
1935 x 9,Buddy's Lost World,1935-05-18
1935 x 10,Into Your Dance,1935-06-08
1935 x 11,Buddy's Bug Hunt,1935-06-22
1935 x 12,Buddy in Africa,1935-07-06
1935 x 13,Country Mouse,1935-07-13
1935 x 14,Buddy Steps Out,1935-07-20
1935 x 15,The Merry Old Soul,1935-08-17
1935 x 16,Buddy the Gee Man,1935-08-24
1935 x 17,The Lady in Red,1935-09-07
1935 x 18,A Cartoonist's Nightmare,1935-09-21
1935 x 19,Little Dutch Plate,1935-10-19
1935 x 20,Hollywood Capers,1935-10-19
1935 x 21,Gold Diggers of '49,1935-11-02
1935 x 22,Billboard Frolics,1935-11-09
1935 x 23,Flowers for Madame,1935-11-20
1936 x 1,I Wanna Play House,1936-01-11
1936 x 2,The Phantom Ship,1936-02-01
1936 x 3,The Cat Came Back,1936-02-08
1936 x 4,Boom Boom,1936-02-29
1936 x 5,Page Miss Glory,1936-03-07
1936 x 6,Alpine Antics,1936-03-09
1936 x 7,The Fire Alarm,1936-03-09
1936 x 8,The Blow Out,1936-04-04
1936 x 9,I'm a Big Shot Now,1936-04-11
1936 x 10,Westward Whoa,1936-04-25
1936 x 11,Plane Dippy,1936-04-30
1936 x 12,Let It Be Me,1936-05-02
1936 x 13,I'd Love to Take Orders from You,1936-05-16
1936 x 14,Fish Tales,1936-05-23
1936 x 15,Bingo Crosbyana,1936-05-30
1936 x 16,Shanghaied Shipmates,1936-06-20
1936 x 17,When I Yoo Hoo,1936-06-27
1936 x 18,Porky's Pet,1936-07-11
1936 x 19,I Love to Singa,1936-07-18
1936 x 20,Porky the Rain-Maker,1936-08-01
1936 x 21,Sunday Go to Meetin' Time,1936-08-08
1936 x 22,Porky's Poultry Plant,1936-08-22
1936 x 23,At Your Service Madame,1936-08-29
1936 x 24,Porky's Moving Day,1936-09-12
1936 x 25,Toy Town Hall,1936-09-19
1936 x 26,Milk and Money,1936-10-03
1936 x 27,Boulevardier from the Bronx,1936-10-10
1936 x 28,Don't Look Now,1936-11-07
1936 x 29,Little Beau Porky,1936-11-14
1936 x 30,The CooCoo Nut Grove,1936-11-28
1936 x 31,The Village Smithy,1936-12-05
1936 x 32,Porky in the North Woods,1936-12-19
1937 x 1,He Was Her Man,1937-01-02
1937 x 2,Porky the Wrestler,1937-01-09
1937 x 3,Pigs Is Pigs,1937-01-30
1937 x 4,Porky's Road Race,1937-02-06
1937 x 5,Picador Porky,1937-02-27
1937 x 6,I Only Have Eyes for You,1937-03-06
1937 x 7,The Fella with a Fiddle,1937-03-27
1937 x 8,Porky's Romance,1937-04-03
1937 x 9,She Was an Acrobat's Daughter,1937-04-10
1937 x 10,Porky's Duck Hunt,1937-04-17
1937 x 11,Ain't We Got Fun,1937-05-01
1937 x 12,Porky and Gabby,1937-05-15
1937 x 13,Clean Pastures,1937-05-22
1937 x 14,Uncle Tom's Bungalow,1937-06-05
1937 x 15,Porky's Building,1937-06-19
1937 x 16,Streamlined Greta Green,1937-06-19
1937 x 17,Sweet Sioux,1937-06-26
1937 x 18,Porky's Super Service,1937-07-03
1937 x 19,Egghead Rides Again,1937-07-17
1937 x 20,Porky's Badtime Story,1937-07-24
1937 x 21,Plenty of Money and You,1937-07-31
1937 x 22,Porky's Railroad,1937-08-07
1937 x 23,A Sunbonnet Blue,1937-08-21
1937 x 24,Get Rich Quick Porky,1937-08-28
1937 x 25,Speaking of the Weather,1937-09-04
1937 x 26,Porky's Garden,1937-09-11
1937 x 27,Dog Daze,1937-09-18
1937 x 28,I Wanna Be a Sailor,1937-09-25
1937 x 29,Rover's Rival,1937-10-09
1937 x 30,The Lyin' Mouse,1937-10-16
1937 x 31,The Case of the Stuttering Pig,1937-10-30
1937 x 32,Little Red Walking Hood,1937-11-06
1937 x 33,Porky's Double Trouble,1937-11-13
1937 x 34,The Woods Are Full of Cuckoos,1937-12-04
1937 x 35,Porky's Hero Agency,1937-12-04
1937 x 36,September in the Rain,1937-12-18
1938 x 1,Daffy Duck & Egghead,1938-01-01
1938 x 2,Porky's Poppa,1938-01-15
1938 x 3,My Little Buckeroo,1938-01-29
1938 x 4,Porky at the Crocadero,1938-02-05
1938 x 5,Jungle Jitters,1938-02-19
1938 x 6,What Price Porky,1938-02-26
1938 x 7,The Sneezing Weasel,1938-03-12
1938 x 8,Porky's Phoney Express,1938-03-19
1938 x 9,A Star Is Hatched,1938-04-02
1938 x 10,Porky's Five & Ten,1938-04-16
1938 x 11,The Penguin Parade,1938-04-23
1938 x 12,Porky's Hare Hunt,1938-04-30
1938 x 13,Now That Summer Is Gone,1938-05-14
1938 x 14,Injun Trouble,1938-05-21
1938 x 15,The Isle of Pingo Pongo,1938-05-28
1938 x 16,Porky the Fireman,1938-06-04
1938 x 17,Katnip Kollege,1938-06-11
1938 x 18,Porky's Party,1938-06-25
1938 x 19,Have You Got Any Castles?,1938-06-25
1938 x 20,Love and Curses,1938-07-09
1938 x 21,Cinderella Meets Fella,1938-07-23
1938 x 22,Porky's Spring Planting,1938-07-25
1938 x 23,Porky & Daffy,1938-08-06
1938 x 24,The Major Lied 'Til Dawn,1938-08-13
1938 x 25,Wholly Smoke,1938-08-27
1938 x 26,A-Lad-In Bagdad,1938-08-27
1938 x 27,Cracked Ice,1938-09-10
1938 x 28,A Feud There Was,1938-09-24
1938 x 29,Porky in Wackyland,1938-09-24
1938 x 30,Little Pancho Vanilla,1938-10-08
1938 x 31,Porky's Naughty Nephew,1938-10-15
1938 x 32,Johnny Smith and Poker-Huntas,1938-10-22
1938 x 33,Porky in Egypt,1938-11-05
1938 x 34,You're an Education,1938-11-05
1938 x 35,The Night Watchman,1938-11-19
1938 x 36,The Daffy Doc,1938-11-26
1938 x 37,Daffy Duck in Hollywood,1938-12-12
1938 x 38,Porky the Gob,1938-12-17
1938 x 39,Count Me Out,1938-12-17
1938 x 40,The Mice Will Play,1938-12-31
1939 x 1,The Lone Stranger and Porky,1939-01-07
1939 x 2,Dog Gone Modern,1939-01-14
1939 x 3,It's an Ill Wind,1939-01-28
1939 x 4,Hamateur Night,1939-01-28
1939 x 5,Robin Hood Makes Good,1939-02-11
1939 x 6,Porky's Tire Trouble,1939-02-18
1939 x 7,Gold Rush Daze,1939-02-25
1939 x 8,A Day at the Zoo,1939-03-11
1939 x 9,Porky's Movie Mystery,1939-03-11
1939 x 10,Prest-O Change-O,1939-03-25
1939 x 11,Chicken Jitters,1939-04-01
1939 x 12,Bars and Stripes Forever,1939-04-08
1939 x 13,Daffy Duck and the Dinosaur,1939-04-22
1939 x 14,Porky and Teabiscuit,1939-04-22
1939 x 15,Thugs with Dirty Mugs,1939-05-06
1939 x 16,Kristopher Kolumbus Jr.,1939-05-13
1939 x 17,Naughty But Mice,1939-05-20
1939 x 18,Believe It or Else,1939-06-03
1939 x 19,Polar Pals,1939-06-03
1939 x 20,Hobo Gadget Band,1939-06-17
1939 x 21,Scalp Trouble,1939-06-24
1939 x 22,Old Glory,1939-07-01
1939 x 23,Porky's Picnic,1939-07-15
1939 x 24,Dangerous Dan McFoo,1939-07-15
1939 x 25,Snowman's Land,1939-07-29
1939 x 26,Wise Quacks,1939-08-05
1939 x 27,Hare-um Scare-um,1939-08-12
1939 x 28,Detouring America,1939-08-26
1939 x 29,Little Brother Rat,1939-09-02
1939 x 30,Porky's Hotel,1939-09-02
1939 x 31,Sioux Me,1939-09-09
1939 x 32,Land of the Midnight Fun,1939-09-23
1939 x 33,Jeepers Creepers,1939-09-23
1939 x 34,Naughty Neighbors,1939-10-07
1939 x 35,The Little Lion Hunter,1939-10-07
1939 x 36,The Good Egg,1939-10-21
1939 x 37,Pied Piper Porky,1939-11-04
1939 x 38,Fresh Fish,1939-11-04
1939 x 39,Fagin's Freshman,1939-11-18
1939 x 40,Porky the Giant Killer,1939-11-18
1939 x 41,Sniffles and the Bookworm,1939-12-02
1939 x 42,Screwball Football,1939-12-16
1939 x 43,The Film Fan,1939-12-16
1939 x 44,The Curious Puppy,1939-12-30
1940 x 1,Porky's Last Stand,1940-01-06
1940 x 2,The Early Worm Gets the Bird,1940-01-13
1940 x 3,Africa Squeaks,1940-01-27
1940 x 4,Mighty Hunters,1940-01-27
1940 x 5,Busy Bakers,1940-02-10
1940 x 6,Ali-Baba Bound,1940-02-10
1940 x 7,Elmer's Candid Camera,1940-03-02
1940 x 8,Pilgrim Porky,1940-03-16
1940 x 9,Cross Country Detours,1940-03-16
1940 x 10,Confederate Honey,1940-03-30
1940 x 11,The Bear's Tale,1940-04-13
1940 x 12,Slap Happy Pappy,1940-04-13
1940 x 13,Porky's Poor Fish,1940-04-27
1940 x 14,The Hardship of Miles Standish,1940-04-27
1940 x 15,Sniffles Takes a Trip,1940-05-11
1940 x 16,You Ought to Be in Pictures,1940-05-18
1940 x 17,A Gander at Mother Goose,1940-05-25
1940 x 18,Tom Thumb in Trouble,1940-06-08
1940 x 19,The Chewin' Bruin,1940-06-08
1940 x 20,Circus Today,1940-06-22
1940 x 21,Little Blabbermouse,1940-07-06
1940 x 22,Porky's Baseball Broadcast,1940-07-06
1940 x 23,The Egg Collector,1940-07-20
1940 x 24,A Wild Hare,1940-07-27
1940 x 25,Ghost Wanted,1940-08-10
1940 x 26,Patient Porky,1940-08-24
1940 x 27,Ceiling Hero,1940-08-24
1940 x 28,Malibu Beach Party,1940-09-14
1940 x 29,Calling Dr. Porky,1940-09-21
1940 x 30,Stage Fright,1940-09-28
1940 x 31,Prehistoric Porky,1940-10-12
1940 x 32,Holiday Highlights,1940-10-12
1940 x 33,Good Night Elmer,1940-10-26
1940 x 34,The Sour Puss,1940-11-02
1940 x 35,Wacky Wildlife,1940-11-09
1940 x 36,Bedtime for Sniffles,1940-11-23
1940 x 37,Porky's Hired Hand,1940-11-30
1940 x 38,Of Fox and Hounds,1940-12-07
1940 x 39,The Timid Toreador,1940-12-21
1940 x 40,Shop Look & Listen,1940-12-21
1941 x 1,Elmer's Pet Rabbit,1941-01-04
1941 x 2,Porky's Snooze Reel,1941-01-11
1941 x 3,The Fighting 69½th,1941-01-18
1941 x 4,Sniffles Bells the Cat,1941-02-01
1941 x 5,The Haunted Mouse,1941-02-15
1941 x 6,The Crackpot Quail,1941-02-15
1941 x 7,The Cat's Tale,1941-03-01
1941 x 8,"Joe Glow, the Firefly",1941-03-08
1941 x 9,Tortoise Beats Hare,1941-03-15
1941 x 10,Porky's Bear Facts,1941-03-29
1941 x 11,Goofy Groceries,1941-03-29
1941 x 12,Toy Trouble,1941-04-12
1941 x 13,Porky's Preview,1941-04-19
1941 x 14,The Trial of Mr. Wolf,1941-04-26
1941 x 15,Porky's Ant,1941-05-10
1941 x 16,Farm Frolics,1941-05-10
1941 x 17,Hollywood Steps Out,1941-05-24
1941 x 18,A Coy Decoy,1941-06-07
1941 x 19,Hiawatha's Rabbit Hunt,1941-06-07
1941 x 20,Porky's Prize Pony,1941-06-21
1941 x 21,The Wacky Worm,1941-06-21
1941 x 22,Meet John Doughboy,1941-07-05
1941 x 23,The Heckling Hare,1941-07-05
1941 x 24,Inki and the Lion,1941-07-19
1941 x 25,Aviation Vacation,1941-08-02
1941 x 26,"We, the Animals- Squeak!",1941-08-09
1941 x 27,Sport Chumpions,1941-08-16
1941 x 28,The Henpecked Duck,1941-08-30
1941 x 29,Snowtime for Comedy,1941-08-30
1941 x 30,All This and Rabbit Stew,1941-09-13
1941 x 31,Notes to You,1941-09-20
1941 x 32,The Brave Little Bat,1941-09-27
1941 x 33,The Bug Parade,1941-10-11
1941 x 34,Robinson Crusoe Jr.,1941-10-25
1941 x 35,Rookie Revue,1941-10-25
1941 x 36,Saddle Silly,1941-11-08
1941 x 37,Porky's Midnight Matinee,1941-11-22
1941 x 38,The Cagey Canary,1941-11-22
1941 x 39,Rhapsody in Rivets,1941-12-06
1941 x 40,Wabbit Twouble,1941-12-20
1941 x 41,Porky's Pooch,1941-12-27
1942 x 1,Hop Skip and a Chump,1942-01-13
1942 x 2,Porky's Pastry Pirates,1942-01-17
1942 x 3,The Bird Came C.O.D.,1942-01-17
1942 x 4,Aloha Hooey,1942-01-31
1942 x 5,Who's Who in the Zoo,1942-02-14
1942 x 6,Porky's Cafe,1942-02-21
1942 x 7,Conrad the Sailor,1942-02-28
1942 x 8,Crazy Cruise,1942-03-14
1942 x 9,The Wabbit Who Came to Supper,1942-03-28
1942 x 10,Saps in Chaps,1942-04-11
1942 x 11,Horton Hatches the Egg,1942-04-11
1942 x 12,Dog Tired,1942-04-25
1942 x 13,Daffy's Southern Exposure,1942-05-02
1942 x 14,The Wacky Wabbit,1942-05-02
1942 x 15,The Draft Horse,1942-05-09
1942 x 16,Lights Fantastic,1942-05-23
1942 x 17,Nutty News,1942-05-23
1942 x 18,"Hold the Lion, Please",1942-06-06
1942 x 19,Hobby Horse-Laffs,1942-06-06
1942 x 20,Gopher Goofy,1942-06-27
1942 x 21,Double Chaser,1942-06-27
1942 x 22,Bugs Bunny Gets the Boid,1942-07-11
1942 x 23,Wacky Blackout,1942-07-11
1942 x 24,Foney Fables,1942-08-01
1942 x 25,The Ducktators,1942-08-01
1942 x 26,The Squawkin' Hawk,1942-08-08
1942 x 27,Fresh Hare,1942-08-22
1942 x 28,Eatin' on the Cuff or The Moth Who Came to Dinner,1942-08-22
1942 x 29,Fox Pop,1942-09-05
1942 x 30,The Impatient Patient,1942-09-05
1942 x 31,The Dover Boys at Pimento University or The Rivals of Roquefort Hall,1942-09-19
1942 x 32,The Hep Cat,1942-10-03
1942 x 33,The Sheepish Wolf,1942-10-17
1942 x 34,The Daffy Duckaroo,1942-10-24
1942 x 35,The Hare-Brained Hypnotist,1942-10-31
1942 x 36,A Tale of Two Kitties,1942-11-21
1942 x 37,Ding Dog Daddy,1942-12-05
1942 x 38,My Favorite Duck,1942-12-05
1942 x 39,Case of the Missing Hare,1942-12-12
1943 x 1,Coal Black and de Sebben Dwarfs,1943-01-16
1943 x 2,Confusions of a Nutzy Spy,1943-01-23
1943 x 3,Pigs in a Polka,1943-02-02
1943 x 4,Tortoise Wins by a Hare,1943-02-20
1943 x 5,To Duck or Not to Duck,1943-03-06
1943 x 6,The Fifth-Column Mouse,1943-03-06
1943 x 7,Flop Goes the Weasel,1943-03-20
1943 x 8,Hop and Go,1943-03-27
1943 x 9,Super-Rabbit,1943-04-03
1943 x 10,The Unbearable Bear,1943-04-17
1943 x 11,The Wise Quacking Duck,1943-05-01
1943 x 12,Greetings Bait,1943-05-15
1943 x 13,Tokio Jokio,1943-05-15
1943 x 14,Yankee Doodle Daffy,1943-06-05
1943 x 15,Jack-Wabbit and the Beanstalk,1943-06-12
1943 x 16,The Aristo-Cat,1943-06-19
1943 x 17,Wackiki Wabbit,1943-07-03
1943 x 18,Porky Pig's Feat,1943-07-17
1943 x 19,Tin Pan Alley Cats,1943-07-17
1943 x 20,Scrap Happy Daffy,1943-08-21
1943 x 21,Hiss and Make Up,1943-09-11
1943 x 22,A Corny Concerto,1943-09-18
1943 x 23,Fin'n Catty,1943-10-23
1943 x 24,Falling Hare,1943-10-30
1943 x 25,Inki and the Minah Bird,1943-11-13
1943 x 26,Daffy- The Commando,1943-11-20
1943 x 27,An Itch in Time,1943-12-04
1943 x 28,Puss N' Booty,1943-12-11
1944 x 1,Little Red Riding Rabbit,1944-01-04
1944 x 2,What's Cookin' Doc?,1944-01-08
1944 x 3,Meatless Flyday,1944-01-29
1944 x 4,Tom Turk and Daffy,1944-02-12
1944 x 5,Bugs Bunny and the Three Bears,1944-02-26
1944 x 6,I Got Plenty of Mutton,1944-03-11
1944 x 7,The Weakly Reporter,1944-03-25
1944 x 8,Tick Tock Tuckered,1944-04-08
1944 x 9,Bugs Bunny Nips the Nips,1944-04-22
1944 x 10,Swooner Crooner,1944-05-06
1944 x 11,Russian Rhapsody,1944-05-20
1944 x 12,Duck Soup to Nuts,1944-05-27
1944 x 13,Angel Puss,1944-06-03
1944 x 14,Slightly Daffy,1944-06-17
1944 x 15,Hare Ribbin',1944-06-24
1944 x 16,Brother Brat,1944-07-15
1944 x 17,Hare Force,1944-07-22
1944 x 18,From Hand to Mouse,1944-08-05
1944 x 19,Birdy and the Beast,1944-08-19
1944 x 20,Buckaroo Bugs,1944-08-26
1944 x 21,Goldilocks and the Jivin' Bears,1944-09-02
1944 x 22,Plane Daffy,1944-09-16
1944 x 23,Lost and Foundling,1944-09-30
1944 x 24,Booby Hatched,1944-10-14
1944 x 25,The Old Grey Hare,1944-10-28
1944 x 26,The Stupid Cupid,1944-11-25
1944 x 27,Stage Door Cartoon,1944-12-30
1945 x 1,Odor-Able Kitty,1945-01-06
1945 x 2,Herr Meets Hare,1945-01-13
1945 x 3,Draftee Daffy,1945-01-27
1945 x 4,The Unruly Hare,1945-02-10
1945 x 5,Trap Happy Porky,1945-02-24
1945 x 6,Life with Feathers,1945-03-24
1945 x 7,Behind the Meat-Ball,1945-04-07
1945 x 8,Hare Trigger,1945-05-05
1945 x 9,Ain't That Ducky,1945-05-19
1945 x 10,A Gruesome Twosome,1945-06-09
1945 x 11,Tale of Two Mice,1945-06-30
1945 x 12,Wagon Heels,1945-07-28
1945 x 13,Hare Conditioned,1945-08-11
1945 x 14,Fresh Airedale,1945-08-25
1945 x 15,The Bashful Buzzard,1945-09-15
1945 x 16,Peck Up Your Troubles,1945-10-20
1945 x 17,Hare Tonic,1945-11-10
1945 x 18,Nasty Quacks,1945-12-01
1946 x 1,Book Revue,1946-01-05
1946 x 2,Baseball Bugs,1946-02-02
1946 x 3,Holiday for Shoestrings,1946-02-23
1946 x 4,Quentin Quail,1946-03-02
1946 x 5,Baby Bottleneck,1946-03-16
1946 x 6,Hare Remover,1946-03-23
1946 x 7,Daffy Doodles,1946-04-06
1946 x 8,Hollywood Canine Canteen,1946-04-20
1946 x 9,Hush My Mouse,1946-05-04
1946 x 10,Hair-Raising Hare,1946-05-25
1946 x 11,Kitty Kornered,1946-06-08
1946 x 12,Hollywood Daffy,1946-06-22
1946 x 13,Acrobatty Bunny,1946-06-29
1946 x 14,The Eager Beaver,1946-07-13
1946 x 15,The Great Piggy Bank Robbery,1946-07-20
1946 x 16,Bacall to Arms,1946-08-03
1946 x 17,Of Thee I Sting,1946-08-17
1946 x 18,Walky Talky Hawky,1946-08-31
1946 x 19,Racketeer Rabbit,1946-09-14
1946 x 20,Fair and Worm-er,1946-09-28
1946 x 21,The Big Snooze,1946-10-05
1946 x 22,The Mouse-Merized Cat,1946-10-19
1946 x 23,Mouse Menace,1946-11-02
1946 x 24,Rhapsody Rabbit,1946-11-09
1946 x 25,Roughly Squeaking,1946-11-23
1947 x 1,One Meat Brawl,1947-01-18
1947 x 2,The Goofy Gophers,1947-01-25
1947 x 3,The Gay Anties,1947-02-15
1947 x 4,Scent-imental Over You,1947-03-08
1947 x 5,A Hare Grows in Manhattan,1947-03-22
1947 x 6,Birth of a Notion,1947-04-12
1947 x 7,Tweetie Pie,1947-05-03
1947 x 8,Rabbit Transit,1947-05-10
1947 x 9,Hobo Bobo,1947-05-17
1947 x 10,Along Came Daffy,1947-06-04
1947 x 11,Inki at the Circus,1947-06-21
1947 x 12,Easter Yeggs,1947-06-28
1947 x 13,Crowing Pains,1947-07-12
1947 x 14,A Pest in the House,1947-08-02
1947 x 15,The Foxy Duckling,1947-08-23
1947 x 16,House Hunting Mice,1947-09-06
1947 x 17,Little Orphan Airedale,1947-10-04
1947 x 18,Doggone Cats,1947-10-25
1947 x 19,Slick Hare,1947-11-01
1947 x 20,Mexican Joyride,1947-11-29
1947 x 21,Catch as Cats Can,1947-12-06
1947 x 22,A Horse Fly Fleas,1947-12-13
1948 x 1,Gorilla My Dreams,1948-01-03
1948 x 2,Two Gophers from Texas,1948-01-17
1948 x 3,A Feather in His Hare,1948-02-07
1948 x 4,What Makes Daffy Duck,1948-02-14
1948 x 5,"What's Brewin', Bruin?",1948-02-28
1948 x 6,Daffy Duck Slept Here,1948-03-06
1948 x 7,A Hick a Slick and a Chick,1948-03-13
1948 x 8,Back Alley Oproar,1948-03-27
1948 x 9,I Taw a Putty Tat,1948-04-02
1948 x 10,Rabbit Punch,1948-04-10
1948 x 11,"Hop, Look and Listen",1948-04-17
1948 x 12,Nothing But the Tooth,1948-05-01
1948 x 13,Buccaneer Bunny,1948-05-08
1948 x 14,Bone Sweet Bone,1948-05-22
1948 x 15,Bugs Bunny Rides Again,1948-06-12
1948 x 16,The Rattled Rooster,1948-06-26
1948 x 17,The Up-Standing Sitter,1948-07-03
1948 x 18,The Shell Shocked Egg,1948-07-10
1948 x 19,Haredevil Hare,1948-07-24
1948 x 20,You Were Never Duckier,1948-08-07
1948 x 21,Dough Ray Me-ow,1948-08-14
1948 x 22,Hot Cross Bunny,1948-08-21
1948 x 23,The Pest That Came to Dinner,1948-09-11
1948 x 24,Hare Splitter,1948-09-25
1948 x 25,Odor of the Day,1948-10-02
1948 x 26,The Foghorn Leghorn,1948-10-09
1948 x 27,A-Lad-in His Lamp,1948-10-23
1948 x 28,Daffy Dilly,1948-10-30
1948 x 29,Kit for Cat,1948-11-06
1948 x 30,The Stupor Salesman,1948-11-20
1948 x 31,Riff Raffy Daffy,1948-11-27
1948 x 32,My Bunny Lies over the Sea,1948-12-04
1948 x 33,Scaredy Cat,1948-12-18
1949 x 1,Wise Quackers,1949-01-01
1949 x 2,Hare Do,1949-01-15
1949 x 3,Holiday for Drumsticks,1949-01-22
1949 x 4,Awful Orphan,1949-01-29
1949 x 5,Porky Chops,1949-02-12
1949 x 6,Mississippi Hare,1949-02-26
1949 x 7,Paying the Piper,1949-03-12
1949 x 8,Daffy Duck Hunt,1949-03-26
1949 x 9,Rebel Rabbit,1949-04-09
1949 x 10,Mouse Wreckers,1949-04-23
1949 x 11,High Diving Hare,1949-04-30
1949 x 12,The Bee-Deviled Bruin,1949-05-14
1949 x 13,Curtain Razor,1949-05-21
1949 x 14,Bowery Bugs,1949-06-04
1949 x 15,Mouse Mazurka,1949-06-11
1949 x 16,Long-Haired Hare,1949-06-25
1949 x 17,Henhouse Henery,1949-07-02
1949 x 18,Knights Must Fall,1949-07-16
1949 x 19,Bad Ol' Putty Tat,1949-07-23
1949 x 20,The Grey Hounded Hare,1949-08-06
1949 x 21,Often an Orphan,1949-08-13
1949 x 22,The Windblown Hare,1949-08-27
1949 x 23,Dough for the Do-Do,1949-09-02
1949 x 24,Fast and Furry-ous,1949-09-16
1949 x 25,Each Dawn I Crow,1949-09-23
1949 x 26,Frigid Hare,1949-10-07
1949 x 27,Swallow the Leader,1949-10-14
1949 x 28,"Bye, Bye Bluebeard",1949-10-21
1949 x 29,For Scent-imental Reasons,1949-11-12
1949 x 30,Hippety Hopper,1949-11-19
1949 x 31,Which Is Witch,1949-12-03
1949 x 32,Bear Feat,1949-12-10
1949 x 33,A Ham in a Role,1949-12-13
1949 x 34,Rabbit Hood,1949-12-24
1950 x 1,Home Tweet Home,1950-01-14
1950 x 2,Hurdy-Gurdy Hare,1950-01-21
1950 x 3,Boobs in the Woods,1950-01-28
1950 x 4,Mutiny on the Bunny,1950-02-11
1950 x 5,The Lion's Busy,1950-02-18
1950 x 6,The Scarlet Pumpernickel,1950-03-04
1950 x 7,Homeless Hare,1950-03-11
1950 x 8,Strife with Father,1950-04-01
1950 x 9,The Hypo-Chondri-Cat,1950-04-15
1950 x 10,Big House Bunny,1950-04-22
1950 x 11,The Leghorn Blows at Midnight,1950-05-06
1950 x 12,His Bitter Half,1950-05-20
1950 x 13,An Egg Scramble,1950-05-27
1950 x 14,8 Ball Bunny,1950-06-08
1950 x 15,What's Up Doc?,1950-06-17
1950 x 16,All A Bir-r-r-d,1950-06-24
1950 x 17,It's Hummer Time,1950-07-22
1950 x 18,Golden Yeggs,1950-08-05
1950 x 19,Hillbilly Hare,1950-08-12
1950 x 20,Dog Gone South,1950-08-26
1950 x 21,The Ducksters,1950-09-02
1950 x 22,A Fractured Leghorn,1950-09-16
1950 x 23,Bunker Hill Bunny,1950-09-23
1950 x 24,Canary Row,1950-10-07
1950 x 25,Stooge for a Mouse,1950-10-21
1950 x 26,Pop 'im Pop!,1950-10-28
1950 x 27,Bushy Hare,1950-11-18
1950 x 28,Caveman Inki,1950-11-25
1950 x 29,Dog Collared,1950-12-02
1950 x 30,Rabbit of Seville,1950-12-16
1950 x 31,Two's a Crowd,1950-12-30
1951 x 1,Hare We Go,1951-01-06
1951 x 2,A Fox In A Fix,1951-01-20
1951 x 3,Canned Feud,1951-02-03
1951 x 4,Rabbit Every Monday,1951-02-10
1951 x 5,Putty Tat Trouble,1951-02-24
1951 x 6,Corn Plastered,1951-03-03
1951 x 7,Bunny Hugged,1951-03-10
1951 x 8,Scent-imental Romeo,1951-03-24
1951 x 9,A Bone for a Bone,1951-04-07
1951 x 10,The Fair-Haired Hare,1951-04-14
1951 x 11,A Hound for Trouble,1951-04-28
1951 x 12,Early to Bet,1951-05-12
1951 x 13,Rabbit Fire,1951-05-19
1951 x 14,Room and Bird,1951-06-02
1951 x 15,Chow Hound,1951-06-16
1951 x 16,French Rarebit,1951-06-30
1951 x 17,The Wearing of the Grin,1951-07-04
1951 x 18,Leghorn Swoggled,1951-07-28
1951 x 19,His Hare Raising Tale,1951-08-11
1951 x 20,Cheese Chasers,1951-08-25
1951 x 21,Lovelorn Leghorn,1951-09-08
1951 x 22,Tweety's S.O.S.,1951-09-22
1951 x 23,Ballot Box Bunny,1951-10-06
1951 x 24,A Bear for Punishment,1951-10-20
1951 x 25,Sleepy Time Possum,1951-11-03
1951 x 26,Drip-Along Daffy,1951-11-17
1951 x 27,Big Top Bunny,1951-12-01
1951 x 28,Tweet Tweet Tweety,1951-12-15
1951 x 29,The Prize Pest,1951-12-22
1952 x 1,Who's Kitten Who?,1952-01-05
1952 x 2,Operation: Rabbit,1952-01-19
1952 x 3,Feed the Kitty,1952-02-02
1952 x 4,Gift Wrapped,1952-02-16
1952 x 5,Foxy by Proxy,1952-02-23
1952 x 6,Thumb Fun,1952-03-01
1952 x 7,14 Carrot Rabbit,1952-03-15
1952 x 8,Beep Beep,1952-03-24
1952 x 9,Little Beau Pepe,1952-03-29
1952 x 10,Kiddin' the Kitten,1952-04-05
1952 x 11,"Water, Water Every Hare",1952-04-19
1952 x 12,Going! Going! Gosh!,1952-04-23
1952 x 13,Little Red Rodent Hood,1952-05-03
1952 x 14,Sock a Doodle Do,1952-05-10
1952 x 15,The Hasty Hare,1952-06-07
1952 x 16,Ain't She Tweet,1952-06-21
1952 x 17,Oily Hare,1952-06-26
1952 x 18,The Turn-Tale Wolf,1952-06-28
1952 x 19,Cracked Quack,1952-07-05
1952 x 20,Hoppy-Go-Lucky,1952-08-09
1952 x 21,A Bird in a Guilty Cage,1952-08-30
1952 x 22,Mouse-Warming,1952-09-08
1952 x 23,Rabbit Seasoning,1952-09-20
1952 x 24,The EGGcited Rooster,1952-10-04
1952 x 25,Tree for Two,1952-10-18
1952 x 26,The Super Snooper,1952-11-11
1952 x 27,Rabbit's Kin,1952-11-19
1952 x 28,Terrier-Stricken,1952-11-29
1952 x 29,Fool Coverage,1952-12-13
1952 x 30,Hare Lift,1952-12-20
1953 x 1,Don't Give Up the Sheep,1953-01-03
1953 x 2,Snow Business,1953-01-17
1953 x 3,A Mouse Divided,1953-01-21
1953 x 4,Forward March Hare,1953-02-14
1953 x 5,Kiss Me Cat,1953-02-21
1953 x 6,Duck Amuck,1953-02-28
1953 x 7,Upswept Hare,1953-03-14
1953 x 8,A Peck O' Trouble,1953-03-28
1953 x 9,Fowl Weather,1953-04-04
1953 x 10,Muscle Tussle,1953-04-18
1953 x 11,Southern Fried Rabbit,1953-05-02
1953 x 12,Ant Pasted,1953-05-09
1953 x 13,Much Ado About Nutting,1953-05-23
1953 x 14,There Auto Be A Law,1953-06-06
1953 x 15,Hare Trimmed,1953-06-20
1953 x 16,Tom Tom Tomcat,1953-06-27
1953 x 17,Wild Over You,1953-07-11
1953 x 18,Duck Dodgers in the 24½th Century,1953-07-25
1953 x 19,Bully for Bugs,1953-08-08
1953 x 20,Plop Goes the Weasel,1953-08-22
1953 x 21,Cat-Tails For Two,1953-08-29
1953 x 22,Streetcat Named Sylvester,1953-09-05
1953 x 23,Zipping Along,1953-09-14
1953 x 24,"Duck! Rabbit, Duck!",1953-10-03
1953 x 25,Easy Peckin's,1953-10-17
1953 x 26,Catty Cornered,1953-10-31
1953 x 27,Of Rice and Hen,1953-11-14
1953 x 28,Cats A-Weigh,1953-11-28
1953 x 29,Robot Rabbit,1953-12-12
1953 x 30,Punch Trunk,1953-12-19
1954 x 1,Dog Pounded,1954-01-02
1954 x 2,Captain Hareblower,1954-01-16
1954 x 3,I Gopher You,1954-01-30
1954 x 4,Feline Frame-up,1954-02-13
1954 x 5,Wild Wife,1954-02-20
1954 x 6,No Barking,1954-02-27
1954 x 7,Bugs and Thugs,1954-03-13
1954 x 8,The Cats Bah,1954-03-20
1954 x 9,Design for Leaving,1954-03-27
1954 x 10,Bell Hoppy,1954-04-17
1954 x 11,No Parking Hare,1954-05-01
1954 x 12,Dr. Jerkyl's Hide,1954-05-08
1954 x 13,Claws For Alarm,1954-05-22
1954 x 14,Little Boy Boo,1954-06-05
1954 x 15,Devil May Hare,1954-06-19
1954 x 16,Muzzle Tough,1954-06-26
1954 x 17,The Oily American,1954-07-10
1954 x 18,Bewitched Bunny,1954-07-24
1954 x 19,Satan's Waitin',1954-08-07
1954 x 20,Stop! Look! and Hasten!,1954-08-14
1954 x 21,Yankee Doodle Bugs,1954-08-28
1954 x 22,Gone Batty,1954-09-04
1954 x 23,Goo Goo Goliath,1954-09-18
1954 x 24,By Word of Mouse,1954-10-02
1954 x 25,From A to Z-Z-Z-Z,1954-10-16
1954 x 26,Quack Shot,1954-10-30
1954 x 27,Lumber Jack-Rabbit,1954-11-13
1954 x 28,My Little Duckaroo,1954-11-27
1954 x 29,Sheep Ahoy,1954-12-11
1954 x 30,Baby Buggy Bunny,1954-12-18
1955 x 1,Pizzicato Pussycat,1955-01-01
1955 x 2,Feather Dusted,1955-01-15
1955 x 3,Pests for Guests,1955-01-29
1955 x 4,Beanstalk Bunny,1955-02-12
1955 x 5,All Fowled Up,1955-02-19
1955 x 6,Stork Naked,1955-02-26
1955 x 7,Lighthouse Mouse,1955-03-12
1955 x 8,Sahara Hare,1955-03-26
1955 x 9,Sandy Claws,1955-04-02
1955 x 10,The Hole Idea,1955-04-06
1955 x 11,Ready.. Set.. Zoom!,1955-04-30
1955 x 12,Hare Brush,1955-05-07
1955 x 13,Past Perfumance,1955-05-21
1955 x 14,Tweety's Circus,1955-06-04
1955 x 15,Rabbit Rampage,1955-06-11
1955 x 16,Lumber Jerks,1955-06-25
1955 x 17,This is a Life?,1955-07-09
1955 x 18,Double or Mutton,1955-07-23
1955 x 19,Jumpin' Jupiter,1955-08-06
1955 x 20,A Kiddies Kitty,1955-08-20
1955 x 21,Hyde and Hare,1955-08-27
1955 x 22,Dime to Retire,1955-09-03
1955 x 23,Speedy Gonzales,1955-09-17
1955 x 24,Knight-Mare Hare,1955-10-01
1955 x 25,Two Scent's Worth,1955-10-15
1955 x 26,Red Riding Hoodwinked,1955-10-29
1955 x 27,Roman Legion-Hare,1955-11-12
1955 x 28,Heir-Conditioned,1955-11-26
1955 x 29,Guided Muscle,1955-12-10
1955 x 30,Pappy's Puppy,1955-12-17
1955 x 31,One Froggy Evening,1955-12-31
1956 x 1,Bugs' Bonnets,1956-01-14
1956 x 2,Too Hop to Handle,1956-01-28
1956 x 3,Weasel Stop,1956-02-11
1956 x 4,The High and the Flighty,1956-02-18
1956 x 5,Broom-Stick Bunny,1956-02-25
1956 x 6,Rocket Squad,1956-03-10
1956 x 7,Tweet and Sour,1956-03-24
1956 x 8,Heaven Scent,1956-03-31
1956 x 9,Mixed Master,1956-04-14
1956 x 10,Rabbitson Crusoe,1956-04-28
1956 x 11,Gee Whiz-z-z-z-z-z-z,1956-05-05
1956 x 12,Tree Cornered Tweety,1956-05-19
1956 x 13,The Unexpected Pest,1956-06-02
1956 x 14,Napoleon Bunny-Part,1956-06-16
1956 x 15,Tugboat Granny,1956-06-23
1956 x 16,Stupor Duck,1956-07-17
1956 x 17,Barbary-Coast Bunny,1956-07-21
1956 x 18,Rocket-Bye Baby,1956-08-04
1956 x 19,Half-Fare Hare,1956-08-18
1956 x 20,Raw! Raw! Rooster,1956-08-25
1956 x 21,Slap-hoppy Mouse,1956-09-01
1956 x 22,A Star is Bored,1956-09-15
1956 x 23,"Deduce, You Say",1956-09-29
1956 x 24,Yankee Dood It,1956-10-13
1956 x 25,Wideo Wabbit,1956-10-27
1956 x 26,There They GO-GO-GO!,1956-11-10
1956 x 27,Two Crows From Tacos,1956-11-24
1956 x 28,The Honey-Mousers,1956-12-08
1956 x 29,To Hare is Human,1956-12-15
1957 x 1,Three Little Bops,1957-01-05
1957 x 2,Tweet Zoo,1957-01-12
1957 x 3,Scrambled Aches,1957-01-26
1957 x 4,Ali Baba Bunny,1957-02-09
1957 x 5,Go Fly a Kit,1957-02-23
1957 x 6,Bedevilled Rabbit,1957-04-13
1957 x 7,Boyhood Daze,1957-04-20
1957 x 8,"Cheese It, the Cat!",1957-05-04
1957 x 9,Fox Terror,1957-05-11
1957 x 10,Tweety and the Beanstalk,1957-05-16
1957 x 11,Piker's Peak,1957-05-25
1957 x 12,Steal Wool,1957-06-08
1957 x 13,Boston Quackie,1957-06-22
1957 x 14,"What's Opera, Doc?",1957-07-06
1957 x 15,Tabasco Road,1957-07-20
1957 x 16,Birds Anonymous,1957-08-10
1957 x 17,Ducking the Devil,1957-08-17
1957 x 18,Bugsy and Mugsy,1957-08-31
1957 x 19,Zoom and Bored,1957-09-04
1957 x 20,Greedy for Tweety,1957-09-28
1957 x 21,Touche and Go,1957-10-12
1957 x 22,Show Biz Bugs,1957-11-02
1957 x 23,Mouse-taken Identity,1957-11-10
1957 x 24,Gonzales' Tamales,1957-11-30
1957 x 25,Rabbit Romeo,1957-12-14
1958 x 1,Don't Axe Me,1958-01-04
1958 x 2,Tortilla Flaps,1958-01-18
1958 x 3,Hare-Less Wolf,1958-02-01
1958 x 4,A Pizza Tweety Pie,1958-02-22
1958 x 5,Robin Hood Daffy,1958-03-08
1958 x 6,Hare-way to the Stars,1958-03-29
1958 x 7,"Whoa, Be-Gone!",1958-04-12
1958 x 8,A Waggily Tale,1958-04-26
1958 x 9,Feather Bluster,1958-05-10
1958 x 10,"Now, Hare This",1958-05-31
1958 x 11,To Itch His Own,1958-06-28
1958 x 12,Dog Tales,1958-07-26
1958 x 13,Knighty Knight Bugs,1958-08-23
1958 x 14,Weasel While you Work,1958-09-06
1958 x 15,A Bird in a Bonnet,1958-09-27
1958 x 16,"Hook, Line, and Stinker",1958-10-11
1958 x 17,Pre-Hysterical Hare,1958-11-01
1958 x 18,Gopher Broke,1958-11-15
1958 x 19,Hip Hip- Hurry!,1958-12-06
1958 x 20,Cat Feud,1958-12-20
1959 x 1,Baton Bunny,1959-01-10
1959 x 2,Mouse-Placed Kitten,1959-01-24
1959 x 3,China Jones,1959-02-14
1959 x 4,Hare-abian Nights,1959-02-28
1959 x 5,Trick or Tweet,1959-03-21
1959 x 6,The Mouse That Jack Built,1959-04-04
1959 x 7,Apes of Wrath,1959-04-18
1959 x 8,Hot Rod and Reel,1959-05-09
1959 x 9,A Mutt in a Rutt,1959-05-23
1959 x 10,Backwoods Bunny,1959-06-13
1959 x 11,Really Scent,1959-06-27
1959 x 12,Mexicali Shmoes,1959-07-04
1959 x 13,Tweet and Lovely,1959-07-18
1959 x 14,Wild and Woolly Hare,1959-08-01
1959 x 15,Cat's Paw,1959-08-15
1959 x 16,"Here Today, Gone Tamale",1959-08-29
1959 x 17,Bonanza Bunny,1959-09-05
1959 x 18,A Broken Leghorn,1959-09-26
1959 x 19,Wild About Hurry,1959-10-10
1959 x 20,A Witch's Tangled Hare,1959-10-31
1959 x 21,Unnatural History,1959-11-14
1959 x 22,Tweet Dreams,1959-12-05
1959 x 23,People are Bunny,1959-12-19
1960 x 1,The Fastest With the Mostest,1960-01-19
1960 x 2,West of the Pesos,1960-01-23
1960 x 3,Horse Hare,1960-02-03
1960 x 4,Wild Wild World,1960-02-27
1960 x 5,Goldimouse and the Three Cats,1960-03-15
1960 x 6,Person to Bunny,1960-04-02
1960 x 7,Who Scent You?,1960-04-23
1960 x 8,Hyde and Go Tweet,1960-05-14
1960 x 9,Rabbit's Feat,1960-06-04
1960 x 10,Crockett-Doodle-Do,1960-06-25
1960 x 11,Mouse and Garden,1960-07-16
1960 x 12,"Ready, Woolen and Able",1960-07-30
1960 x 13,Mice Follies,1960-08-20
1960 x 14,From Hare to Heir,1960-09-03
1960 x 15,The Dixie Fryer,1960-09-24
1960 x 16,Hopalong Casualty,1960-10-08
1960 x 17,Trip for Tat,1960-10-29
1960 x 18,Dog Gone People,1960-11-12
1960 x 19,High Note,1960-12-03
1960 x 20,Lighter Than Hare,1960-12-17
1961 x 1,Cannery Woe,1961-01-07
1961 x 2,Zip 'n Snort,1961-01-21
1961 x 3,Hoppy Daze,1961-02-11
1961 x 4,The Mouse On 57th Street,1961-02-25
1961 x 5,Strangled Eggs,1961-03-18
1961 x 6,Birds of a Father,1961-04-01
1961 x 7,D'fightin' Ones,1961-04-22
1961 x 8,The Abominable Snow Rabbit,1961-05-20
1961 x 9,Lickety-Splat,1961-06-20
1961 x 10,A Scent of the Matterhorn,1961-06-24
1961 x 11,Rebel Without Claws,1961-07-15
1961 x 12,Compressed Hare,1961-07-29
1961 x 13,The Pied Piper of Guadalupe,1961-08-19
1961 x 14,Prince Varmint,1961-09-02
1961 x 15,Daffy's Inn Trouble,1961-09-23
1961 x 16,What's My Lion?,1961-10-21
1961 x 17,Beep Prepared,1961-11-11
1961 x 18,The Last Hungry Cat,1961-12-02
1961 x 19,Nelly's Folly,1961-12-30
1962 x 1,Wet Hare,1962-01-20
1962 x 2,A Sheep in the Deep,1962-02-10
1962 x 3,Fish and Slips,1962-03-10
1962 x 4,Quackodile Tears,1962-03-31
1962 x 5,Crows' Feat,1962-04-21
1962 x 6,Mexican Boarders,1962-05-12
1962 x 7,Adventures of the Road Runner,1962-06-02
1962 x 8,Bill of Hare,1962-06-09
1962 x 9,Zoom at the Top,1962-06-30
1962 x 10,The Slick Chick,1962-07-21
1962 x 11,Louvre Come Back to Me,1962-08-18
1962 x 12,Honey's Money,1962-09-01
1962 x 13,The Jet Cage,1962-09-22
1962 x 14,Mother was a Rooster,1962-10-20
1962 x 15,Good Noose,1962-11-10
1962 x 16,Shishkabugs,1962-12-08
1962 x 17,Martian Through Georgia,1962-12-29
1963 x 1,I was a Teenage Thumb,1963-01-19
1963 x 2,Devil's Feud Cake,1963-02-09
1963 x 3,Fast Buck Duck,1963-03-09
1963 x 4,The Million Hare,1963-04-06
1963 x 5,Mexican Cat Dance,1963-04-20
1963 x 6,Now Hear This,1963-04-27
1963 x 7,Woolen Under Where,1963-05-11
1963 x 8,Hare-breadth Hurry,1963-06-08
1963 x 9,Banty Raids,1963-06-29
1963 x 10,Philbert,1963-07-18
1963 x 11,Chili Weather,1963-08-17
1963 x 12,The Unmentionables,1963-09-07
1963 x 13,Aqua Duck,1963-09-28
1963 x 14,Mad as a Mars Hare,1963-10-19
1963 x 15,Claws in the Lease,1963-11-09
1963 x 16,Transylvania 6-5000,1963-11-30
1963 x 17,To Beep or Not to Beep,1963-12-28
1964 x 1,Dumb Patrol,1964-01-18
1964 x 2,A Message To Gracias,1964-02-08
1964 x 3,Bartholomew Versus The Wheel,1964-02-29
1964 x 4,Freudy Cat,1964-03-14
1964 x 5,Dr. Devil and Mr. Hare,1964-03-28
1964 x 6,Nuts and Volts,1964-04-25
1964 x 7,The Iceman Ducketh,1964-05-16
1964 x 8,War and Pieces,1964-06-06
1964 x 9,Hawaiian Aye Aye,1964-06-27
1964 x 10,False Hare,1964-07-18
1964 x 11,Senorella And The Glass Huarache,1964-08-01
1964 x 12,Pancho's Hideaway,1964-10-24
1964 x 13,Road to Andalay,1964-12-26
1965 x 1,Zip Zip Hooray!,1965-01-01
1965 x 2,Roadrunner A Go-Go,1965-01-02
1965 x 3,It's Nice to Have a Mouse Around the House,1965-01-16
1965 x 4,Cats and Bruises,1965-01-30
1965 x 5,The Wild Chase,1965-02-27
1965 x 6,Moby Duck,1965-03-27
1965 x 7,Assault and Peppered,1965-04-24
1965 x 8,Well Worn Daffy,1965-05-22
1965 x 9,Suppressed Duck,1965-06-26
1965 x 10,Corn on the Cop,1965-07-24
1965 x 11,Rushing Roulette,1965-07-31
1965 x 12,"Run, Run Sweet Road Runner",1965-08-21
1965 x 13,Tease for Two,1965-08-28
1965 x 14,Tired and Feathered,1965-09-18
1965 x 15,Boulder Wham!,1965-10-09
1965 x 16,Chili Corn Corny,1965-10-23
1965 x 17,Just Plane Beep,1965-10-30
1965 x 18,Hairied and Hurried,1965-11-13
1965 x 19,Go Go Amigo,1965-11-20
1965 x 20,Highway Runnery,1965-12-11
1965 x 21,Chaser on the Rocks,1965-12-25
1966 x 1,The Astroduck,1966-01-01
1966 x 2,Shot and Bothered,1966-01-08
1966 x 3,Out and Out Rout,1966-01-29
1966 x 4,Mucho Locos,1966-02-05
1966 x 5,The Solid Tin Coyote,1966-02-19
1966 x 6,Mexican Mousepiece,1966-02-26
1966 x 7,Clippety Clobbered,1966-03-12
1966 x 8,Daffy Rents,1966-03-26
1966 x 9,A-Haunting We Will Go,1966-04-16
1966 x 10,Snow Excuse,1966-05-21
1966 x 11,A Squeak in the Deep,1966-07-19
1966 x 12,Feather Finger,1966-08-20
1966 x 13,Swing Ding Amigo,1966-09-17
1966 x 14,Sugar and Spies,1966-11-05
1966 x 15,A Taste of Catnip,1966-12-03
1967 x 1,Daffy's Diner,1967-01-21
1967 x 2,Quacker Tracker,1967-04-29
1967 x 3,The Music Mice-Tro,1967-05-27
1967 x 4,The Spy Swatter,1967-06-24
1967 x 5,Speedy Ghost to Town,1967-07-29
1967 x 6,Rodent to Stardom,1967-09-23
1967 x 7,Go Away Stowaway,1967-09-30
1967 x 8,Cool Cat,1967-10-14
1967 x 9,Merlin the Magic Mouse,1967-11-18
1967 x 10,Fiesta Fiasco,1967-12-09
1968 x 1,Hocus Pocus Powwow,1968-01-13
1968 x 2,Norman Normal,1968-02-03
1968 x 3,Big Game Haunt,1968-02-10
1968 x 4,Skyscraper Caper,1968-03-09
1968 x 5,Hippydrome Tiger,1968-03-30
1968 x 6,Feud with a Dude,1968-05-25
1968 x 7,The Door,1968-06-01
1968 x 8,See Ya Later Gladiator,1968-06-29
1968 x 9,3 Ring Wing-ding,1968-08-24
1968 x 10,Flying Circus,1968-10-12
1968 x 11,We Rob Carrot Patches,1968-11-23
1968 x 12,Chimp & Zee,1968-11-30
1969 x 1,Fistic Mystic,1969-03-29
1969 x 2,Rabbit Stew And Rabbits Too!,1969-06-07
1969 x 3,Shamrock and Roll,1969-06-28
1969 x 4,Bugged by a Bee,1969-07-26
1969 x 5,Injun Trouble,1969-09-20
1969 x 6,The Great Carrot-Train Robbery,1969-11-25
1972 x 1,Daffy Duck and Porky Pig Meet the Groovie Goolies,1972-01-01
1976 x 1,Carnival of the Animals,1976-11-22
1977 x 1,Bugs Bunny's Easter Funnies,1977-04-07
1977 x 2,Bugs Bunny in Space,1977-09-01
1978 x 1,A Connecticut Rabbit in King Arthur's Court,1978-02-01
1978 x 2,Bugs Bunny's Howl-Oween Special,1978-10-26
1978 x 3,How Bugs Bunny Won The West,1978-11-15
1979 x 1,Bugs Bunny's Valentine,1979-02-14
1979 x 2,The Bugs Bunny Mother's Day Special,1979-05-12
1979 x 3,Bugs Bunny's Thanksgiving Diet,1979-11-15
1979 x 4,Freeze Frame,1979-11-27
1979 x 5,Bugs Bunny's Looney Christmas Tales,1979-11-27
1979 x 6,Fright Before Christmas,1979-11-27
1979 x 7,Bugs Bunny's Christmas Carol,1979-11-27
1980 x 1,Daffy Duck's Easter Special,1980-04-01
1980 x 2,The Chocolate Chase,1980-04-01
1980 x 3,Portrait of the Artist As A Young Bunny,1980-05-21
1980 x 4,Spaced -Out- Bunny,1980-05-21
1980 x 5,Soup or Sonic,1980-05-21
1980 x 6,Bugs Bunny's Bustin' Out All Over,1980-05-21
1980 x 7,The Bugs Bunny Mystery Special,1980-10-15
1980 x 8,Daffy Duck's Thanks-For-Giving Special,1980-11-20
1980 x 9,Duck Dodgers And The Return Of The 24 ½th Century,1980-12-01
1981 x 1,Bugs Bunny: All American Hero,1981-05-04
1982 x 1,Bugs Bunny's Mad World of Television,1982-01-11
1986 x 1,Bugs Bunny/Looney Tunes 50th Anniversary Special,1986-01-14
1987 x 1,The Duxorcist,1987-11-20
1988 x 1,The Night Of The Living Duck,1988-09-23
1988 x 2,Bugs vs. Daffy: Battle of the Music Video Stars,1988-10-21
1989 x 1,Bugs Bunny's Wild World of Sports,1989-02-15
1990 x 1,"Happy Birthday, Bugs!: 50 Looney Years",1990-05-09
1991 x 1,Box Office Bunny,1991-02-11
1991 x 2,Bugs Bunny's Overtures To Disaster,1991-04-17
1992 x 1,Bugs Bunny's Creature Features,1992-02-01
1992 x 2,Invasion of the Bunny Snatchers,1992-08-25
1994 x 1,Chariots of Fur,1994-12-21
1995 x 1,Carrotblanca,1995-08-25
1995 x 2,Another Froggy Evening,1995-10-06
1996 x 1,Marvin The Martian in the Third Dimension,1996-06-01
1996 x 2,Superior Duck,1996-08-23
1997 x 1,From Hare To Eternity,1997-01-01
1997 x 2,Pullet Surprise,1997-03-26
1997 x 3,Blooper Bunny,1997-06-13
1997 x 4,Father of the Bird,1997-11-14
2000 x 1,Little Go Beep,2000-11-06
2003 x 1,Whizzard of Ow,2003-11-01
2003 x 2,Museum Scream,2003-11-14
2004 x 1,Daffy Duck for President,2004-11-02
2005 x 1,Attack of the Drones,2005-02-08
2005 x 2,Hare And Loathing In Las Vegas,2005-02-08
2005 x 3,Cock-A-Doodle Duel,2005-02-08
2005 x 4,My Generation G...G...Gap,2005-02-08
2006 x 1,The William Tell Overture,2006-11-14
2010 x 1,Rabid Rider,2010-12-12
2010 x 2,Coyote Falls,2010-07-30
2010 x 3,Fur of Flying,2010-09-24
2011 x 1,I Tawt I Taw a Puddy Tat,2011-11-18
2012 x 1,Daffy's Rhapsody,2012-02-10
2014 x 1,Flash in the Pain,2014-06-10